id,type,src,dst,app,latency,message,ctime,size,buffer
-1,LINK,area_leader,cluster_1,SecureApp,1.0000064,RekeyingMessage,120,64,0
-1,LINK,area_leader,cluster_2,SecureApp,1.0000064,RekeyingMessage,120,64,1
-1,LINK,area_leader,cluster_3,SecureApp,1.0000064,RekeyingMessage,120,64,2
-1,LINK,area_leader,cluster_1,SecureApp,1.0000064,RekeyingMessage,240,64,0
-1,LINK,area_leader,cluster_2,SecureApp,1.0000064,RekeyingMessage,240,64,1
-1,LINK,area_leader,cluster_3,SecureApp,1.0000064,RekeyingMessage,240,64,2
-1,LINK,area_leader,cluster_1,SecureApp,1.0000064,RekeyingMessage,360,64,0
-1,LINK,area_leader,cluster_2,SecureApp,1.0000064,RekeyingMessage,360,64,1
-1,LINK,area_leader,cluster_3,SecureApp,1.0000064,RekeyingMessage,360,64,2
-1,LINK,area_leader,cluster_1,SecureApp,1.0000064,RekeyingMessage,480,64,0
-1,LINK,area_leader,cluster_2,SecureApp,1.0000064,RekeyingMessage,480,64,1
-1,LINK,area_leader,cluster_3,SecureApp,1.0000064,RekeyingMessage,480,64,2
-1,LINK,area_leader,cluster_1,SecureApp,1.0000064,RekeyingMessage,600,64,0
-1,LINK,area_leader,cluster_2,SecureApp,1.0000064,RekeyingMessage,600,64,1
-1,LINK,area_leader,cluster_3,SecureApp,1.0000064,RekeyingMessage,600,64,2
-1,LINK,area_leader,cluster_1,SecureApp,1.0000064,RekeyingMessage,720,64,0
-1,LINK,area_leader,cluster_2,SecureApp,1.0000064,RekeyingMessage,720,64,1
-1,LINK,area_leader,cluster_3,SecureApp,1.0000064,RekeyingMessage,720,64,2
-1,LINK,area_leader,cluster_1,SecureApp,1.0000064,RekeyingMessage,840,64,0
-1,LINK,area_leader,cluster_2,SecureApp,1.0000064,RekeyingMessage,840,64,1
-1,LINK,area_leader,cluster_3,SecureApp,1.0000064,RekeyingMessage,840,64,2
-1,LINK,area_leader,cluster_1,SecureApp,1.0000064,RekeyingMessage,960,64,0
-1,LINK,area_leader,cluster_2,SecureApp,1.0000064,RekeyingMessage,960,64,1
-1,LINK,area_leader,cluster_3,SecureApp,1.0000064,RekeyingMessage,960,64,2
